{
    "camera_data": {
        "camera_look_at": {
            "at": [
                1.0,
                0.0,
                0.0
            ],
            "eye": [
                0.0,
                0.0,
                0.0
            ],
            "up": [
                0.0,
                0.0,
                1.0
            ]
        },
        "camera_view_matrix": [
            [
                0.0,
                0.0,
                1.0,
                0.0
            ],
            [
                -1.0,
                0.0,
                0.0,
                0.0
            ],
            [
                0.0,
                -1.0,
                0.0,
                0.0
            ],
            [
                0.0,
                0.0,
                0.0,
                1.0
            ]
        ],
        "height": 500,
        "intrinsics": {
            "cx": 250.0,
            "cy": 250.0,
            "fx": 603.5535278320312,
            "fy": 603.5535278320312
        },
        "location_worldframe": [
            -0.0,
            0.0,
            -0.0
        ],
        "quaternion_xyzw_worldframe": [
            -0.5,
            0.5,
            -0.5,
            0.5
        ],
        "width": 500
    },
    "objects": [
        {
            "bounding_box_minx_maxx_miny_maxy": [
                129,
                165,
                108,
                157
            ],
            "class": "obj",
            "local_cuboid": null,
            "local_to_world_matrix": [
                [
                    -0.653672993183136,
                    -0.7496799826622009,
                    -0.10339972376823425,
                    -0.0
                ],
                [
                    0.33314380049705505,
                    -0.4077379107475281,
                    0.8501559495925903,
                    0.0
                ],
                [
                    -0.6795048713684082,
                    0.5212769508361816,
                    0.5162784457206726,
                    -0.0
                ],
                [
                    1.510996699333191,
                    0.2680903375148773,
                    0.2742147445678711,
                    1.0
                ]
            ],
            "location": [
                -0.2680903375148773,
                -0.2742147445678711,
                1.510996699333191
            ],
            "location_worldframe": [
                1.510996699333191,
                0.2680903375148773,
                0.2742147445678711
            ],
            "name": "single_obj_0",
            "projected_cuboid": [
                [
                    140.51668345928192,
                    120.48868834972382
                ],
                [
                    91.63868427276611,
                    123.34388494491577
                ],
                [
                    115.01520872116089,
                    86.50767803192139
                ],
                [
                    164.58579897880554,
                    80.45651018619537
                ],
                [
                    191.8434500694275,
                    173.21300506591797
                ],
                [
                    143.06145906448364,
                    171.7754304409027
                ],
                [
                    163.3179634809494,
                    136.75451278686523
                ],
                [
                    212.48121559619904,
                    135.31142473220825
                ],
                [
                    153.04362773895264,
                    129.42510843276978
                ]
            ],
            "provenance": "nvisii",
            "px_count_all": 0,
            "px_count_visib": 0,
            "quaternion_xyzw": [
                -0.9054475426673889,
                -0.14112848043441772,
                0.32441139221191406,
                -0.23453104496002197
            ],
            "quaternion_xyzw_worldframe": [
                -0.2438167780637741,
                0.42709970474243164,
                0.8027592301368713,
                -0.33721935749053955
            ],
            "segmentation_id": 2,
            "visibility": 1
        }
    ]
}